Residue,Cosine Similarity
K1,0.99402034
V2,0.98687583
F3,0.9814447
G4,0.98284155
R5,0.98097396
C6,0.99254256
E7,0.9832803
L8,0.9825476
A9,0.97337526
A10,0.9871943
A11,0.9718307
M12,0.95916855
K13,0.98288906
R14,0.98673975
H15,0.9792185
G16,0.97680175
L17,0.97834235
D18,0.9905916
N19,0.98378044
Y20,0.9809482
R21,0.9760086
G22,0.9891834
Y23,0.97851676
S24,0.9849872
L25,0.9672539
G26,0.98089045
N27,0.97123885
W28,0.9528838
V29,0.9683714
C30,0.9711437
A31,0.9771358
A32,0.9689868
K33,0.9726819
F34,0.96337754
E35,0.98812467
S36,0.9841684
N37,0.98075753
F38,0.97677225
N39,0.9853512
T40,0.9775912
Q41,0.9883319
A42,0.9789252
T43,0.971808
N44,0.9864151
R45,0.9867792
N46,0.99025923
T47,0.99010235
D48,0.99137455
G49,0.9929268
S50,0.9822531
T51,0.9790161
D52,0.97989136
Y53,0.9719468
G54,0.9918269
I55,0.97900254
L56,0.9854226
Q57,0.9928512
I58,0.9814731
N59,0.9862386
A60,0.9483447
R61,0.9980098
